<?xml version="1.0" encoding="UTF-8"?>
<GenRun Id="impl_1" LaunchPart="xc7a100tcsg324-1" LaunchTime="1745842575">
  <File Type="ROUTE-PWR" Name="driver_power_routed.rpt"/>
  <File Type="PA-TCL" Name="driver.tcl"/>
  <File Type="ROUTE-PWR-SUM" Name="driver_power_summary_routed.pb"/>
  <File Type="REPORTS-TCL" Name="driver_reports.tcl"/>
  <File Type="BITSTR-MSK" Name="driver.msk"/>
  <File Type="ROUTE-CLK" Name="driver_clock_utilization_routed.rpt"/>
  <File Type="RDI-RDI" Name="driver.vdi"/>
  <File Type="BG-BIT" Name="driver.bit"/>
  <File Type="BG-DRC" Name="driver.drc"/>
  <File Type="BG-BGN" Name="driver.bgn"/>
  <File Type="BG-BIN" Name="driver.bin"/>
  <File Type="BITSTR-RBT" Name="driver.rbt"/>
  <File Type="BITSTR-NKY" Name="driver.nky"/>
  <File Type="BITSTR-BMM" Name="driver_bd.bmm"/>
  <File Type="BITSTR-MMI" Name="driver.mmi"/>
  <File Type="ROUTE-METHODOLOGY-DRC" Name="driver_methodology_drc_routed.rpt"/>
  <File Type="BITSTR-SYSDEF" Name="driver.sysdef"/>
  <File Type="ROUTE-METHODOLOGY-DRC-PB" Name="driver_methodology_drc_routed.pb"/>
  <File Type="BITSTR-LTX" Name="debug_nets.ltx"/>
  <File Type="BITSTR-LTX" Name="driver.ltx"/>
  <File Type="WBT-USG" Name="usage_statistics_webtalk.html"/>
  <File Type="OPT-DRC" Name="driver_drc_opted.rpt"/>
  <File Type="OPT-HWDEF" Name="driver.hwdef"/>
  <File Type="PLACE-IO" Name="driver_io_placed.rpt"/>
  <File Type="PLACE-UTIL" Name="driver_utilization_placed.rpt"/>
  <File Type="PLACE-UTIL-PB" Name="driver_utilization_placed.pb"/>
  <File Type="ROUTE-RQS" Name="driver_routed.rqs"/>
  <File Type="PLACE-CTRL" Name="driver_control_sets_placed.rpt"/>
  <File Type="ROUTE-RQS-RPT" Name="route_report_qor_suggestions_0.rpt"/>
  <File Type="PLACE-PRE-SIMILARITY" Name="driver_incremental_reuse_pre_placed.rpt"/>
  <File Type="POSTROUTE-PHYSOPT-RQS-RPT" Name="postroute_physopt_report_qor_suggestions_0.rpt"/>
  <File Type="ROUTE-DRC" Name="driver_drc_routed.rpt"/>
  <File Type="ROUTE-DRC-PB" Name="driver_drc_routed.pb"/>
  <File Type="ROUTE-PWR-RPX" Name="driver_power_routed.rpx"/>
  <File Type="ROUTE-STATUS" Name="driver_route_status.rpt"/>
  <File Type="ROUTE-STATUS-PB" Name="driver_route_status.pb"/>
  <File Type="ROUTE-DCP" Name="driver_routed.dcp"/>
  <File Type="ROUTE-ERROR-DCP" Name="driver_routed_error.dcp"/>
  <File Type="ROUTE-BLACKBOX-DCP" Name="driver_routed_bb.dcp"/>
  <File Type="ROUTE-TIMINGSUMMARY" Name="driver_timing_summary_routed.rpt"/>
  <File Type="ROUTE-TIMING-PB" Name="driver_timing_summary_routed.pb"/>
  <File Type="ROUTE-TIMING-RPX" Name="driver_timing_summary_routed.rpx"/>
  <File Type="ROUTE-BUS-SKEW" Name="driver_bus_skew_routed.rpt"/>
  <File Type="ROUTE-BUS-SKEW-PB" Name="driver_bus_skew_routed.pb"/>
  <File Type="ROUTE-BUS-SKEW-RPX" Name="driver_bus_skew_routed.rpx"/>
  <File Type="OPT-DCP" Name="driver_opt.dcp"/>
  <File Type="PLACE-DCP" Name="driver_placed.dcp"/>
  <File Type="PWROPT-DCP" Name="driver_pwropt.dcp"/>
  <File Type="POSTPLACE-PWROPT-DCP" Name="driver_postplace_pwropt.dcp"/>
  <File Type="PHYSOPT-DCP" Name="driver_physopt.dcp"/>
  <File Type="POSTROUTE-PHYSOPT-DCP" Name="driver_postroute_physopt.dcp"/>
  <File Type="POSTROUTE-PHYSOPT-BLACKBOX-DCP" Name="driver_postroute_physopt_bb.dcp"/>
  <File Type="ROUTE-DRC-RPX" Name="driver_drc_routed.rpx"/>
  <File Type="ROUTE-METHODOLOGY-DRC-RPX" Name="driver_methodology_drc_routed.rpx"/>
  <File Type="PDI-FILE" Name="driver.pdi"/>
  <File Type="RCFI_FILE" Name="driver.rcfi"/>
  <File Type="CFI_FILE" Name="driver.cfi"/>
  <File Type="RNPI_FILE" Name="driver.rnpi"/>
  <File Type="NPI_FILE" Name="driver.npi"/>
  <File Type="RBD_FILE" Name="driver.rbd"/>
  <File Type="POSTROUTE-PHYSOPT-RQS" Name="driver_postroute_physopted.rqs"/>
  <FileSet Name="sources" Type="DesignSrcs" RelSrcDir="$PSRCDIR/sources_1" RelGenDir="$PGENDIR/sources_1">
    <Filter Type="Srcs"/>
    <File Path="$PSRCDIR/sources_1/new/ALU.v">
      <FileInfo>
        <Attr Name="UsedIn" Val="synthesis"/>
        <Attr Name="UsedIn" Val="implementation"/>
        <Attr Name="UsedIn" Val="simulation"/>
      </FileInfo>
    </File>
    <File Path="$PSRCDIR/sources_1/new/ALU_control.v">
      <FileInfo>
        <Attr Name="UsedIn" Val="synthesis"/>
        <Attr Name="UsedIn" Val="implementation"/>
        <Attr Name="UsedIn" Val="simulation"/>
      </FileInfo>
    </File>
    <File Path="$PSRCDIR/sources_1/new/BCD.v">
      <FileInfo>
        <Attr Name="UsedIn" Val="synthesis"/>
        <Attr Name="UsedIn" Val="implementation"/>
        <Attr Name="UsedIn" Val="simulation"/>
      </FileInfo>
    </File>
    <File Path="$PSRCDIR/sources_1/new/DFlipFlop.v">
      <FileInfo>
        <Attr Name="UsedIn" Val="synthesis"/>
        <Attr Name="UsedIn" Val="implementation"/>
        <Attr Name="UsedIn" Val="simulation"/>
      </FileInfo>
    </File>
    <File Path="$PSRCDIR/sources_1/new/RCA.v">
      <FileInfo>
        <Attr Name="UsedIn" Val="synthesis"/>
        <Attr Name="UsedIn" Val="implementation"/>
        <Attr Name="UsedIn" Val="simulation"/>
      </FileInfo>
    </File>
    <File Path="$PSRCDIR/sources_1/new/REG_file.v">
      <FileInfo>
        <Attr Name="UsedIn" Val="synthesis"/>
        <Attr Name="UsedIn" Val="implementation"/>
        <Attr Name="UsedIn" Val="simulation"/>
      </FileInfo>
    </File>
    <File Path="$PSRCDIR/sources_1/new/control_unit.v">
      <FileInfo>
        <Attr Name="UsedIn" Val="synthesis"/>
        <Attr Name="UsedIn" Val="implementation"/>
        <Attr Name="UsedIn" Val="simulation"/>
      </FileInfo>
    </File>
    <File Path="$PSRCDIR/sources_1/new/data_memory.v">
      <FileInfo>
        <Attr Name="UsedIn" Val="synthesis"/>
        <Attr Name="UsedIn" Val="implementation"/>
        <Attr Name="UsedIn" Val="simulation"/>
      </FileInfo>
    </File>
    <File Path="$PSRCDIR/sources_1/new/data_path.v">
      <FileInfo>
        <Attr Name="UsedIn" Val="synthesis"/>
        <Attr Name="UsedIn" Val="implementation"/>
        <Attr Name="UsedIn" Val="simulation"/>
      </FileInfo>
    </File>
    <File Path="$PSRCDIR/sources_1/new/exp_1.v">
      <FileInfo>
        <Attr Name="UsedIn" Val="synthesis"/>
        <Attr Name="UsedIn" Val="implementation"/>
        <Attr Name="UsedIn" Val="simulation"/>
      </FileInfo>
    </File>
    <File Path="$PSRCDIR/sources_1/new/exp_2.v">
      <FileInfo>
        <Attr Name="UsedIn" Val="synthesis"/>
        <Attr Name="UsedIn" Val="implementation"/>
        <Attr Name="UsedIn" Val="simulation"/>
      </FileInfo>
    </File>
    <File Path="$PSRCDIR/sources_1/new/exp_3.v">
      <FileInfo>
        <Attr Name="UsedIn" Val="synthesis"/>
        <Attr Name="UsedIn" Val="implementation"/>
        <Attr Name="UsedIn" Val="simulation"/>
      </FileInfo>
    </File>
    <File Path="$PSRCDIR/sources_1/new/exp_4.v">
      <FileInfo>
        <Attr Name="UsedIn" Val="synthesis"/>
        <Attr Name="UsedIn" Val="implementation"/>
        <Attr Name="UsedIn" Val="simulation"/>
      </FileInfo>
    </File>
    <File Path="$PSRCDIR/sources_1/new/flushing_unit.v">
      <FileInfo>
        <Attr Name="UsedIn" Val="synthesis"/>
        <Attr Name="UsedIn" Val="implementation"/>
        <Attr Name="UsedIn" Val="simulation"/>
      </FileInfo>
    </File>
    <File Path="$PSRCDIR/sources_1/new/forwarding_unit.v">
      <FileInfo>
        <Attr Name="UsedIn" Val="synthesis"/>
        <Attr Name="UsedIn" Val="implementation"/>
        <Attr Name="UsedIn" Val="simulation"/>
      </FileInfo>
    </File>
    <File Path="$PSRCDIR/sources_1/new/full_adder.v">
      <FileInfo>
        <Attr Name="UsedIn" Val="synthesis"/>
        <Attr Name="UsedIn" Val="implementation"/>
        <Attr Name="UsedIn" Val="simulation"/>
      </FileInfo>
    </File>
    <File Path="$PSRCDIR/sources_1/new/hazard_detection_unit.v">
      <FileInfo>
        <Attr Name="UsedIn" Val="synthesis"/>
        <Attr Name="UsedIn" Val="implementation"/>
        <Attr Name="UsedIn" Val="simulation"/>
      </FileInfo>
    </File>
    <File Path="$PSRCDIR/sources_1/new/instruction_memory.v">
      <FileInfo>
        <Attr Name="UsedIn" Val="synthesis"/>
        <Attr Name="UsedIn" Val="implementation"/>
        <Attr Name="UsedIn" Val="simulation"/>
      </FileInfo>
    </File>
    <File Path="$PSRCDIR/sources_1/new/mux_2x1.v">
      <FileInfo>
        <Attr Name="UsedIn" Val="synthesis"/>
        <Attr Name="UsedIn" Val="implementation"/>
        <Attr Name="UsedIn" Val="simulation"/>
      </FileInfo>
    </File>
    <File Path="$PSRCDIR/sources_1/new/threeby1mux.v">
      <FileInfo>
        <Attr Name="UsedIn" Val="synthesis"/>
        <Attr Name="UsedIn" Val="implementation"/>
        <Attr Name="UsedIn" Val="simulation"/>
      </FileInfo>
    </File>
    <File Path="$PSRCDIR/sources_1/new/driver.v">
      <FileInfo>
        <Attr Name="UsedIn" Val="synthesis"/>
        <Attr Name="UsedIn" Val="implementation"/>
        <Attr Name="UsedIn" Val="simulation"/>
      </FileInfo>
    </File>
    <File Path="$PSRCDIR/sources_1/new/Four_Digit_Seven_Segment_Driver.v">
      <FileInfo>
        <Attr Name="AutoDisabled" Val="1"/>
        <Attr Name="UsedIn" Val="synthesis"/>
        <Attr Name="UsedIn" Val="implementation"/>
        <Attr Name="UsedIn" Val="simulation"/>
      </FileInfo>
    </File>
    <Config>
      <Option Name="DesignMode" Val="RTL"/>
      <Option Name="TopModule" Val="driver"/>
    </Config>
  </FileSet>
  <FileSet Name="constrs_in" Type="Constrs" RelSrcDir="$PSRCDIR/constrs_1">
    <Filter Type="Constrs"/>
    <File Path="$PSRCDIR/constrs_1/new/7_seg_constraints.xdc">
      <FileInfo>
        <Attr Name="UsedIn" Val="synthesis"/>
        <Attr Name="UsedIn" Val="implementation"/>
      </FileInfo>
    </File>
    <Config>
      <Option Name="ConstrsType" Val="XDC"/>
    </Config>
  </FileSet>
  <FileSet Name="utils" Type="Utils" RelSrcDir="$PSRCDIR/utils_1">
    <Filter Type="Utils"/>
    <Config>
      <Option Name="TopAutoSet" Val="TRUE"/>
    </Config>
  </FileSet>
  <Strategy Version="1" Minor="2">
    <StratHandle Name="Vivado Implementation Defaults" Flow="Vivado Implementation 2022"/>
    <Step Id="init_design"/>
    <Step Id="opt_design"/>
    <Step Id="power_opt_design"/>
    <Step Id="place_design"/>
    <Step Id="post_place_power_opt_design"/>
    <Step Id="phys_opt_design"/>
    <Step Id="route_design"/>
    <Step Id="post_route_phys_opt_design"/>
    <Step Id="write_bitstream"/>
    <Step Id="write_device_image"/>
  </Strategy>
</GenRun>
